{
    "awardname" : "mysubsidy awards",
    "awards" : [
        {
         "SubsidyawardNo" : 12345,
         "Subsidymeasuretitle" : "test tile for subs and measure",
         "Status" : "Published",
         "Beneficiaryname": "same name of the beneficiary",
         "Grantingauthority" : "sample name of granting",
         "Subsidyamount" : "£20000"
         },
        {
         "SubsidyawardNo" : 500012,
         "Subsidymeasuretitle" : "test tile for subs and measure",
         "Status" : "Published",
         "Beneficiaryname": "same name of the beneficiary",
         "Grantingauthority" : "sample name of granting",
         "Subsidyamount" : "£22343"
         },
        {
         "SubsidyawardNo" : 12347,
         "Subsidymeasuretitle" : "test tile for subs and measure",
         "Status" : "Published",
         "Beneficiaryname": "same name of the beneficiary",
         "Grantingauthority" : "sample name of granting",
         "Subsidyamount" : "£2232"
         },
        {
         "SubsidyawardNo" : 600012,
         "Subsidymeasuretitle" : "test tile for subs and measure",
         "Status" : "Published",
         "Beneficiaryname": "same name of the beneficiary",
         "Grantingauthority" : "sample name of granting",
         "Subsidyamount" : "£20000"
         },
        {
         "SubsidyawardNo" : 12345,
         "Subsidymeasuretitle" : "test tile for subs and measure",
         "Status" : "Published",
         "Beneficiaryname": "same name of the beneficiary",
         "Grantingauthority" : "sample name of granting",
         "Subsidyamount" : "£28000"
         },
        {
         "SubsidyawardNo" : 12346,
         "Subsidymeasuretitle" : "test tile for subs and measure",
         "Status" : "Published",
         "Beneficiaryname": "same name of the beneficiary",
         "Grantingauthority" : "sample name of granting",
         "Subsidyamount" : "£90000"
         },
        {
         "SubsidyawardNo" : 12347,
         "Subsidymeasuretitle" : "test tile for subs and measure",
         "Status" : "Published",
         "Beneficiaryname": "same name of the beneficiary",
         "Grantingauthority" : "sample name of granting",
         "Subsidyamount" : "£15698"
         },
        {
         "SubsidyawardNo" : 12348,
         "Subsidymeasuretitle" : "test tile for subs and measure",
         "Status" : "Published",
         "Beneficiaryname": "same name of the beneficiary",
         "Grantingauthority" : "sample name of granting",
         "Subsidyamount" : "£2343253"
         },
        {
         "SubsidyawardNo" : 12345,
         "Subsidymeasuretitle" : "test tile for subs and measure",
         "Status" : "Published",
         "Beneficiaryname": "same name of the beneficiary",
         "Grantingauthority" : "sample name of granting",
         "Subsidyamount" : "£35434"
         },
        {
         "SubsidyawardNo" : 12346,
         "Subsidymeasuretitle" : "test tile for subs and measure",
         "Status" : "Published",
         "Beneficiaryname": "same name of the beneficiary",
         "Grantingauthority" : "sample name of granting",
         "Subsidyamount" : "£34343"
         },
        {
         "SubsidyawardNo" : 12347,
         "Subsidymeasuretitle" : "test tile for subs and measure",
         "Status" : "Published",
         "Beneficiaryname": "same name of the beneficiary",
         "Grantingauthority" : "sample name of granting",
         "Subsidyamount" : "£343343"
         },
        {
         "SubsidyawardNo" : 543543,
         "Subsidymeasuretitle" : "test tile for subs and measure",
         "Status" : "Published",
         "Beneficiaryname": "same name of the beneficiary",
         "Grantingauthority" : "sample name of granting",
         "Subsidyamount" : "£3454354"
         },
        {
         "SubsidyawardNo" : 3453453,
         "Subsidymeasuretitle" : "test tile for subs and measure",
         "Status" : "Published",
         "Beneficiaryname": "same name of the beneficiary",
         "Grantingauthority" : "sample name of granting",
         "Subsidyamount" : "£687678"
         },
        {
         "SubsidyawardNo" : 12346,
         "Subsidymeasuretitle" : "test tile for subs and measure",
         "Status" : "Published",
         "Beneficiaryname": "same name of the beneficiary",
         "Grantingauthority" : "sample name of granting",
         "Subsidyamount" : "£6876876"
         },
        {
         "SubsidyawardNo" : 543543,
         "Subsidymeasuretitle" : "test tile for subs and measure",
         "Status" : "Published",
         "Beneficiaryname": "same name of the beneficiary",
         "Grantingauthority" : "sample name of granting",
         "Subsidyamount" : "£6786786"
         },
        {
         "SubsidyawardNo" : 12348,
         "Subsidymeasuretitle" : "test tile for subs and measure",
         "Status" : "Published",
         "Beneficiaryname": "same name of the beneficiary",
         "Grantingauthority" : "sample name of granting",
         "Subsidyamount" : "£20000"
         },
      {
         "SubsidyawardNo" : 12345,
         "Subsidymeasuretitle" : "test tile for subs and measure",
         "Status" : "Published",
         "Beneficiaryname": "same name of the beneficiary",
         "Grantingauthority" : "sample name of granting",
         "Subsidyamount" : "£20000"
         },
        {
         "SubsidyawardNo" : 12346,
         "Subsidymeasuretitle" : "test tile for subs and measure",
         "Status" : "Published",
         "Beneficiaryname": "same name of the beneficiary",
         "Grantingauthority" : "sample name of granting",
         "Subsidyamount" : "£20000"
         },
        {
         "SubsidyawardNo" : 12347,
         "Subsidymeasuretitle" : "test tile for subs and measure",
         "Status" : "Published",
         "Beneficiaryname": "same name of the beneficiary",
         "Grantingauthority" : "sample name of granting",
         "Subsidyamount" : "£20000"
         },
        {
         "SubsidyawardNo" : 12348,
         "Subsidymeasuretitle" : "test tile for subs and measure",
         "Status" : "Published",
         "Beneficiaryname": "same name of the beneficiary",
         "Grantingauthority" : "sample name of granting",
         "Subsidyamount" : "£20000"
         },
        {
         "SubsidyawardNo" : 12345,
         "Subsidymeasuretitle" : "test tile for subs and measure",
         "Status" : "Published",
         "Beneficiaryname": "same name of the beneficiary",
         "Grantingauthority" : "sample name of granting",
         "Subsidyamount" : "£20000"
         },
        {
         "SubsidyawardNo" : 12346,
         "Subsidymeasuretitle" : "test tile for subs and measure",
         "Status" : "Published",
         "Beneficiaryname": "same name of the beneficiary",
         "Grantingauthority" : "sample name of granting",
         "Subsidyamount" : "£20000"
         },
        {
         "SubsidyawardNo" : 12347,
         "Subsidymeasuretitle" : "test tile for subs and measure",
         "Status" : "Published",
         "Beneficiaryname": "same name of the beneficiary",
         "Grantingauthority" : "sample name of granting",
         "Subsidyamount" : "£20000"
         },
        {
         "SubsidyawardNo" : 12348,
         "Subsidymeasuretitle" : "test tile for subs and measure",
         "Status" : "Published",
         "Beneficiaryname": "same name of the beneficiary",
         "Grantingauthority" : "sample name of granting",
         "Subsidyamount" : "£20000"
         },
        {
         "SubsidyawardNo" : 12345,
         "Subsidymeasuretitle" : "test tile for subs and measure",
         "Status" : "Published",
         "Beneficiaryname": "same name of the beneficiary",
         "Grantingauthority" : "sample name of granting",
         "Subsidyamount" : "£20000"
         },
        {
         "SubsidyawardNo" : 12346,
         "Subsidymeasuretitle" : "test tile for subs and measure",
         "Status" : "Published",
         "Beneficiaryname": "same name of the beneficiary",
         "Grantingauthority" : "sample name of granting",
         "Subsidyamount" : "£20000"
         },
        {
         "SubsidyawardNo" : 12347,
         "Subsidymeasuretitle" : "test tile for subs and measure",
         "Status" : "Published",
         "Beneficiaryname": "same name of the beneficiary",
         "Grantingauthority" : "sample name of granting",
         "Subsidyamount" : "£20000"
         },
        {
         "SubsidyawardNo" : 12348,
         "Subsidymeasuretitle" : "test tile for subs and measure",
         "Status" : "Published",
         "Beneficiaryname": "same name of the beneficiary",
         "Grantingauthority" : "sample name of granting",
         "Subsidyamount" : "£20000"
         },
        {
         "SubsidyawardNo" : 12345,
         "Subsidymeasuretitle" : "test tile for subs and measure",
         "Status" : "Published",
         "Beneficiaryname": "same name of the beneficiary",
         "Grantingauthority" : "sample name of granting",
         "Subsidyamount" : "£20000"
         },
        {
         "SubsidyawardNo" : 12346,
         "Subsidymeasuretitle" : "test tile for subs and measure",
         "Status" : "Published",
         "Beneficiaryname": "same name of the beneficiary",
         "Grantingauthority" : "sample name of granting",
         "Subsidyamount" : "£20000"
         },
        {
         "SubsidyawardNo" : 12347,
         "Subsidymeasuretitle" : "test tile for subs and measure",
         "Status" : "Published",
         "Beneficiaryname": "same name of the beneficiary",
         "Grantingauthority" : "sample name of granting",
         "Subsidyamount" : "£20000"
         },
        {
         "SubsidyawardNo" : 12348,
         "Subsidymeasuretitle" : "test tile for subs and measure",
         "Status" : "Published",
         "Beneficiaryname": "same name of the beneficiary",
         "Grantingauthority" : "sample name of granting",
         "Subsidyamount" : "£20000"
         }
    ]
   }
   
   